Feature,Importance
Locality_Tier_Encoded,0.3600432245043619
BHK_Tier_Interaction,0.30473138166905644
Area_SqFt,0.12967881525756822
BHK,0.1142624393180608
Locality_Encoded,0.07032602129243841
Furnishing_Encoded,0.020958117958514298
