Train_R2,Test_R2,RMSE_Lakhs,MAE_Lakhs,MAPE_%,Overfitting_Gap,Model
0.8622171922758749,0.6893465482602282,16.996586578552943,10.644978297871003,219.32045128214358,0.17287064401564667,Random Forest (Optimized)
0.9802778637264876,0.6202652564457085,18.79160116269115,11.686310992421637,259.896547168148,0.3600126072807791,Gradient Boosting
0.9273234924648396,0.5344024130294736,20.80793485535283,12.571886393229166,221.78962923218276,0.392921079435366,Decision Tree
0.46506077411471314,0.43653580185756136,22.890579235789975,17.68726470149648,430.3386482083937,0.02852497225715178,Linear Regression
