Feature,Importance
Locality_Avg_Price,0.792100389835844
Value_Score,0.143102875416699
BHK,0.05907321736085498
Price_Per_SqFt,0.003308882749210352
Area_SqFt,0.0013675239903250236
Bathroom,0.0006180634819828763
Locality_Encoded,0.00021542879152935073
Is_Prime_Locality,0.0001669374340062896
Furnishing_Encoded,4.1350794172720576e-05
Seller_Encoded,3.2927117513803214e-06
BHK_Bath_Ratio,2.0374336240753925e-06
Property_Type_Encoded,0.0
