Model,Train_R2,Test_R2,RMSE,MAE,MAPE
Random Forest,0.9875915615333952,0.9282236060125286,16.418536838679536,12.711923076923078,12.79781941821841
Gradient Boosting,0.9999207857794733,0.9190622651091123,17.43488780135144,11.9446602249969,10.258887240279044
Decision Tree,1.0,0.9054301348021453,18.846036106382606,13.576923076923077,14.491724990242446
XGBoost,0.9999999998185966,0.8822873209911575,21.02593201198112,15.509009581345778,15.430091275451518
